<?xml version="1.0" encoding="UTF-8"?>
<beans xmlns="http://www.springframework.org/schema/beans"
xmlns:xsi="http://www.w3.org/2001/XMLSchema-instance"
xmlns:mvc="http://www.springframework.org/schema/mvc"
xmlns:tx="http://www.springframework.org/schema/tx"
xmlns:context="http://www.springframework.org/schema/context"
xmlns:webflow="http://www.springframework.org/schema/webflow-config"
xsi:schemaLocation="http://www.springframework.org/schema/mvc 
http://www.springframework.org/schema/mvc/spring-mvc-4.0.xsd
http://www.springframework.org/schema/tx 
http://www.springframework.org/schema/tx/spring-tx-4.2.xsd     
http://www.springframework.org/schema/beans 
http://www.springframework.org/schema/beans/spring-beans.xsd
http://www.springframework.org/schema/mvc
http://www.springframework.org/schema/mvc/spring-mvc.xsd
http://www.springframework.org/schema/context                   
http://www.springframework.org/schema/context/spring-context.xsd
http://www.springframework.org/schema/webflow-config
http://www.springframework.org/schema/webflow-config/spring-webflow-config.xsd">   
                    

	<context:component-scan base-package="controller,dao" />
	
	<mvc:annotation-driven/>
<mvc:default-servlet-handler/>
<context:annotation-config />
      <mvc:resources mapping="/resources/**" location="/WEB-INF/resources/" />
  
  <tx:annotation-driven />
	<bean
		class="org.springframework.web.servlet.view.InternalResourceViewResolver">
		<property name="prefix">
			<value>/WEB-INF/views/</value>
		</property>
		<property name="suffix">
			<value>.jsp</value>
		</property>
		<property name="order" value="-1"/>
	</bean>
	
	<bean id="multipartResolver" class="org.springframework.web.multipart.commons.CommonsMultipartResolver">

		 <!-- setting maximum upload size -->
		<property name="maxUploadSize" value="100000" />

	</bean>
	
	<!-- WebFlow Configuration -->
	<webflow:flow-executor id="flowExecutor" />
 
	<webflow:flow-registry id="flowRegistry" flow-builder-services="flowBuilderServices" base-path="/WEB-INF/views/webflow">
		<!-- here the id is mapped to invoke this flow -->
		<webflow:flow-location id="addCart" path="webFlow.xml" />
	</webflow:flow-registry>
 
	<webflow:flow-builder-services id="flowBuilderServices"
		view-factory-creator="viewFactoryCreator" />
 
	<bean id="viewFactoryCreator"
		class="org.springframework.webflow.mvc.builder.MvcViewFactoryCreator">
		<property name="viewResolvers">
			<list>
				<ref bean="viewResolver" />
			</list>
			</property>
			</bean>
	<bean id="viewResolver"	class="org.springframework.web.servlet.view.UrlBasedViewResolver">
		<property name="viewClass"	value="org.springframework.web.servlet.view.JstlView" />
		<property name="prefix" value="/WEB-INF/views/webflow/" />
		<property name="suffix" value=".jsp" />
		 <property name="order" value="0"/>
	</bean>
 
	<bean class="org.springframework.webflow.mvc.servlet.FlowHandlerAdapter">
		<property name="flowExecutor" ref="flowExecutor" />
	</bean>
 
	<bean class="org.springframework.webflow.mvc.servlet.FlowHandlerMapping">
		<property name="flowRegistry" ref="flowRegistry" />
		<property name="order" value="0" />
	</bean>
	
	<!-- ======== Java mail Services API ======= -->
    <bean id="mailSender" class="org.springframework.mail.javamail.JavaMailSenderImpl">
		<property name="host" value="smtp.gmail.com" />
		<property name="port" value="587" />
		<property name="username" value="dttbanglore@gmail.com" />
		<property name="password" value="password@dt" />
		<property name="javaMailProperties">
			<props>
				<prop key="mail.transport.protocol">smtp</prop>
				<prop key="mail.smtp.auth">true</prop>
				<prop key="mail.smtp.starttls.enable">true</prop>
			</props>
		</property>
	</bean>
			
               
            
	</beans>