<?xml version="1.0" encoding="UTF-8"?>
<beans xmlns="http://www.springframework.org/schema/beans"
xmlns:mvc="http://www.springframework.org/schema/mvc"
xmlns:tx="http://www.springframework.org/schema/tx"
xmlns:context="http://www.springframework.org/schema/context"
xmlns:xsi="http://www.w3.org/2001/XMLSchema-instance"
xmlns:p="http://www.springframework.org/schema/p"
xsi:schemaLocation="http://www.springframework.org/schema/beans 
http://www.springframework.org/schema/beans/spring-beans.xsd
http://www.springframework.org/schema/mvc/spring-mvc.xsd
http://www.springframework.org/schema/tx 
http://www.springframework.org/schema/tx/spring-tx-4.0.xsd
http://www.springframework.org/schema/mvc
http://www.springframework.org/schema/mvc/spring-mvc.xsd
http://www.springframework.org/schema/context 
http://www.springframework.org/schema/context/spring-context.xsd">

<bean id="dataSource" class="org.springframework.jdbc.datasource.DriverManagerDataSource">
<property name="driverClassName" value="org.h2.Driver"/>
<property name="url" value="jdbc:h2:tcp://localhost/~/test"/>
<property name="username" value="sa"/>
<property name="password" value=""/>
</bean>

<bean id="sessionFactory"  class="org.springframework.orm.hibernate4.LocalSessionFactoryBean">
    <property name="dataSource" ref="dataSource" />
        <property name="packagesToScan" value="Model,controller" />
        <property name="hibernateProperties">
            <props>
                <prop key="hibernate.dialect">org.hibernate.dialect.H2Dialect
                
                </prop>
                <prop key="hibernate.transaction.factory_class">org.hibernate.transaction.JDBCTransactionFactory</prop>  
                <prop key="hibernate.show_sql">true</prop>
                
                <prop key="hibernate.hbm2ddl.auto">update</prop>
               
            
                </props>
        </property> 
        
    </bean>
    <bean id="transactionManager" class="org.springframework.orm.hibernate4.HibernateTransactionManager">
        <property name="sessionFactory" ref="sessionFactory" />
    </bean>

    
    <!-- context:component-scan base-package="com.journaldev.spring" />
     
    <tx:annotation-driven transaction-manager="transactionManager"/> -->
     
     
</beans>