<beans:beans xmlns="http://www.springframework.org/schema/security"
xmlns:beans="http://www.springframework.org/schema/beans" 
xmlns:xsi="http://www.w3.org/2001/XMLSchema-instance"
xsi:schemaLocation="http://www.springframework.org/schema/beans
http://www.springframework.org/schema/beans/spring-beans-3.0.xsd
http://www.springframework.org/schema/security
http://www.springframework.org/schema/security/spring-security-4.0.xsd">


	
	<http auto-config="true">

	 <!-- <intercept-url pattern="/addproduct/**" access="hasRole('ROLE_ADMIN')" /> 
		<intercept-url pattern="/productTableUsers/**" access="hasRole('ROLE_USER')" />  -->
 		
		<form-login login-page="/login" default-target-url="/addproduct" login-processing-url="/perform_login" authentication-failure-url="/login" always-use-default-target="false" username-parameter="name" password-parameter="password" />
</http>
		

	<authentication-manager>
	  <authentication-provider>
	    <jdbc-user-service data-source-ref="dataSource"
		  	users-by-username-query="select name,password,enabled from customer1 where name=?"  
		    authorities-by-username-query= "select name,role from customer1 where name =?  " />
	  </authentication-provider>
	</authentication-manager>
     
</beans:beans>